# 2018 May 31
#
# The author disclaims copyright to this source code.  In place of
# a legal notice, here is a blessing:
#
#    May you do good and not evil.
#    May you find forgiveness for yourself and forgive others.
#    May you share freely, never taking more than you give.
#
#***********************************************************************
# This file implements regression tests for SQLite library.
#

####################################################
# DO NOT EDIT! THIS FILE IS AUTOMATICALLY GENERATED!
####################################################

set testdir [file dirname $argv0]
source $testdir/tester.tcl
set testprefix window3

do_execsql_test 1.0 {
  DROP TABLE IF EXISTS t2;
  CREATE TABLE t2(a INTEGER PRIMARY KEY, b INTEGER);
  INSERT INTO t2(a, b) VALUES
  (1,0), (2,74), (3,41), (4,74), (5,23), (6,99), (7,26), (8,33), (9,2),
  (10,89), (11,81), (12,96), (13,59), (14,38), (15,68), (16,39), (17,62),
  (18,91), (19,46), (20,6), (21,99), (22,97), (23,27), (24,46), (25,78),
  (26,54), (27,97), (28,8), (29,67), (30,29), (31,93), (32,84), (33,77),
  (34,23), (35,16), (36,16), (37,93), (38,65), (39,35), (40,47), (41,7),
  (42,86), (43,74), (44,61), (45,91), (46,85), (47,24), (48,85), (49,43),
  (50,59), (51,12), (52,32), (53,56), (54,3), (55,91), (56,22), (57,90),
  (58,55), (59,15), (60,28), (61,89), (62,25), (63,47), (64,1), (65,56),
  (66,40), (67,43), (68,56), (69,16), (70,75), (71,36), (72,89), (73,98),
  (74,76), (75,81), (76,4), (77,94), (78,42), (79,30), (80,78), (81,33),
  (82,29), (83,53), (84,63), (85,2), (86,87), (87,37), (88,80), (89,84),
  (90,72), (91,41), (92,9), (93,61), (94,73), (95,95), (96,65), (97,13),
  (98,58), (99,96), (100,98), (101,1), (102,21), (103,74), (104,65), (105,35),
  (106,5), (107,73), (108,11), (109,51), (110,87), (111,41), (112,12), (113,8),
  (114,20), (115,31), (116,31), (117,15), (118,95), (119,22), (120,73), 
  (121,79), (122,88), (123,34), (124,8), (125,11), (126,49), (127,34), 
  (128,90), (129,59), (130,96), (131,60), (132,55), (133,75), (134,77),
  (135,44), (136,2), (137,7), (138,85), (139,57), (140,74), (141,29), (142,70),
  (143,59), (144,19), (145,39), (146,26), (147,26), (148,47), (149,80),
  (150,90), (151,36), (152,58), (153,47), (154,9), (155,72), (156,72), (157,66),
  (158,33), (159,93), (160,75), (161,64), (162,81), (163,9), (164,23), (165,37),
  (166,13), (167,12), (168,14), (169,62), (170,91), (171,36), (172,91),
  (173,33), (174,15), (175,34), (176,36), (177,99), (178,3), (179,95), (180,69),
  (181,58), (182,52), (183,30), (184,50), (185,84), (186,10), (187,84),
  (188,33), (189,21), (190,39), (191,44), (192,58), (193,30), (194,38),
  (195,34), (196,83), (197,27), (198,82), (199,17), (200,7);
} {}

do_execsql_test 1.1 {
  SELECT max(b) OVER (
    ORDER BY a
  ) FROM t2
} {0   74   74   74   74   99   99   99   99   99   99   99   99   99   99   99   99   99   99   99   99   99   99   99   99   99   99   99   99   99   99   99   99   99   99   99   99   99   99   99   99   99   99   99   99   99   99   99   99   99   99   99   99   99   99   99   99   99   99   99   99   99   99   99   99   99   99   99   99   99   99   99   99   99   99   99   99   99   99   99   99   99   99   99   99   99   99   99   99   99   99   99   99   99   99   99   99   99   99   99   99   99   99   99   99   99   99   99   99   99   99   99   99   99   99   99   99   99   99   99   99   99   99   99   99   99   99   99   99   99   99   99   99   99   99   99   99   99   99   99   99   99   99   99   99   99   99   99   99   99   99   99   99   99   99   99   99   99   99   99   99   99   99   99   99   99   99   99   99   99   99   99   99   99   99   99   99   99   99   99   99   99   99   99   99   99   99   99   99   99   99   99   99   99   99   99   99   99   99   99}

do_execsql_test 1.2.1.1 {
  SELECT max(b) OVER ( ORDER BY a RANGE BETWEEN UNBOUNDED PRECEDING AND CURRENT ROW ) FROM t2
} {0   74   74   74   74   99   99   99   99   99   99   99   99   99   99   99   99   99   99   99   99   99   99   99   99   99   99   99   99   99   99   99   99   99   99   99   99   99   99   99   99   99   99   99   99   99   99   99   99   99   99   99   99   99   99   99   99   99   99   99   99   99   99   99   99   99   99   99   99   99   99   99   99   99   99   99   99   99   99   99   99   99   99   99   99   99   99   99   99   99   99   99   99   99   99   99   99   99   99   99   99   99   99   99   99   99   99   99   99   99   99   99   99   99   99   99   99   99   99   99   99   99   99   99   99   99   99   99   99   99   99   99   99   99   99   99   99   99   99   99   99   99   99   99   99   99   99   99   99   99   99   99   99   99   99   99   99   99   99   99   99   99   99   99   99   99   99   99   99   99   99   99   99   99   99   99   99   99   99   99   99   99   99   99   99   99   99   99   99   99   99   99   99   99   99   99   99   99   99   99}

do_execsql_test 1.2.2.1 {
  SELECT min(b) OVER ( ORDER BY a RANGE BETWEEN UNBOUNDED PRECEDING AND CURRENT ROW ) FROM t2
} {0   0   0   0   0   0   0   0   0   0   0   0   0   0   0   0   0   0   0   0   0   0   0   0   0   0   0   0   0   0   0   0   0   0   0   0   0   0   0   0   0   0   0   0   0   0   0   0   0   0   0   0   0   0   0   0   0   0   0   0   0   0   0   0   0   0   0   0   0   0   0   0   0   0   0   0   0   0   0   0   0   0   0   0   0   0   0   0   0   0   0   0   0   0   0   0   0   0   0   0   0   0   0   0   0   0   0   0   0   0   0   0   0   0   0   0   0   0   0   0   0   0   0   0   0   0   0   0   0   0   0   0   0   0   0   0   0   0   0   0   0   0   0   0   0   0   0   0   0   0   0   0   0   0   0   0   0   0   0   0   0   0   0   0   0   0   0   0   0   0   0   0   0   0   0   0   0   0   0   0   0   0   0   0   0   0   0   0   0   0   0   0   0   0   0   0   0   0   0   0}

do_execsql_test 1.2.1.2 {
  SELECT max(b) OVER ( ORDER BY a RANGE BETWEEN UNBOUNDED PRECEDING AND UNBOUNDED FOLLOWING ) FROM t2
} {99   99   99   99   99   99   99   99   99   99   99   99   99   99   99   99   99   99   99   99   99   99   99   99   99   99   99   99   99   99   99   99   99   99   99   99   99   99   99   99   99   99   99   99   99   99   99   99   99   99   99   99   99   99   99   99   99   99   99   99   99   99   99   99   99   99   99   99   99   99   99   99   99   99   99   99   99   99   99   99   99   99   99   99   99   99   99   99   99   99   99   99   99   99   99   99   99   99   99   99   99   99   99   99   99   99   99   99   99   99   99   99   99   99   99   99   99   99   99   99   99   99   99   99   99   99   99   99   99   99   99   99   99   99   99   99   99   99   99   99   99   99   99   99   99   99   99   99   99   99   99   99   99   99   99   99   99   99   99   99   99   99   99   99   99   99   99   99   99   99   99   99   99   99   99   99   99   99   99   99   99   99   99   99   99   99   99   99   99   99   99   99   99   99   99   99   99   99   99   99}

do_execsql_test 1.2.2.2 {
  SELECT min(b) OVER ( ORDER BY a RANGE BETWEEN UNBOUNDED PRECEDING AND UNBOUNDED FOLLOWING ) FROM t2
} {0   0   0   0   0   0   0   0   0   0   0   0   0   0   0   0   0   0   0   0   0   0   0   0   0   0   0   0   0   0   0   0   0   0   0   0   0   0   0   0   0   0   0   0   0   0   0   0   0   0   0   0   0   0   0   0   0   0   0   0   0   0   0   0   0   0   0   0   0   0   0   0   0   0   0   0   0   0   0   0   0   0   0   0   0   0   0   0   0   0   0   0   0   0   0   0   0   0   0   0   0   0   0   0   0   0   0   0   0   0   0   0   0   0   0   0   0   0   0   0   0   0   0   0   0   0   0   0   0   0   0   0   0   0   0   0   0   0   0   0   0   0   0   0   0   0   0   0   0   0   0   0   0   0   0   0   0   0   0   0   0   0   0   0   0   0   0   0   0   0   0   0   0   0   0   0   0   0   0   0   0   0   0   0   0   0   0   0   0   0   0   0   0   0   0   0   0   0   0   0}

do_execsql_test 1.2.1.3 {
  SELECT max(b) OVER ( ORDER BY a RANGE BETWEEN CURRENT ROW         AND CURRENT ROW ) FROM t2
} {0   74   41   74   23   99   26   33   2   89   81   96   59   38   68   39   62   91   46   6   99   97   27   46   78   54   97   8   67   29   93   84   77   23   16   16   93   65   35   47   7   86   74   61   91   85   24   85   43   59   12   32   56   3   91   22   90   55   15   28   89   25   47   1   56   40   43   56   16   75   36   89   98   76   81   4   94   42   30   78   33   29   53   63   2   87   37   80   84   72   41   9   61   73   95   65   13   58   96   98   1   21   74   65   35   5   73   11   51   87   41   12   8   20   31   31   15   95   22   73   79   88   34   8   11   49   34   90   59   96   60   55   75   77   44   2   7   85   57   74   29   70   59   19   39   26   26   47   80   90   36   58   47   9   72   72   66   33   93   75   64   81   9   23   37   13   12   14   62   91   36   91   33   15   34   36   99   3   95   69   58   52   30   50   84   10   84   33   21   39   44   58   30   38   34   83   27   82   17   7}

do_execsql_test 1.2.2.3 {
  SELECT min(b) OVER ( ORDER BY a RANGE BETWEEN CURRENT ROW         AND CURRENT ROW ) FROM t2
} {0   74   41   74   23   99   26   33   2   89   81   96   59   38   68   39   62   91   46   6   99   97   27   46   78   54   97   8   67   29   93   84   77   23   16   16   93   65   35   47   7   86   74   61   91   85   24   85   43   59   12   32   56   3   91   22   90   55   15   28   89   25   47   1   56   40   43   56   16   75   36   89   98   76   81   4   94   42   30   78   33   29   53   63   2   87   37   80   84   72   41   9   61   73   95   65   13   58   96   98   1   21   74   65   35   5   73   11   51   87   41   12   8   20   31   31   15   95   22   73   79   88   34   8   11   49   34   90   59   96   60   55   75   77   44   2   7   85   57   74   29   70   59   19   39   26   26   47   80   90   36   58   47   9   72   72   66   33   93   75   64   81   9   23   37   13   12   14   62   91   36   91   33   15   34   36   99   3   95   69   58   52   30   50   84   10   84   33   21   39   44   58   30   38   34   83   27   82   17   7}

do_execsql_test 1.2.1.4 {
  SELECT max(b) OVER ( ORDER BY a RANGE BETWEEN CURRENT ROW         AND UNBOUNDED FOLLOWING ) FROM t2
} {99   99   99   99   99   99   99   99   99   99   99   99   99   99   99   99   99   99   99   99   99   99   99   99   99   99   99   99   99   99   99   99   99   99   99   99   99   99   99   99   99   99   99   99   99   99   99   99   99   99   99   99   99   99   99   99   99   99   99   99   99   99   99   99   99   99   99   99   99   99   99   99   99   99   99   99   99   99   99   99   99   99   99   99   99   99   99   99   99   99   99   99   99   99   99   99   99   99   99   99   99   99   99   99   99   99   99   99   99   99   99   99   99   99   99   99   99   99   99   99   99   99   99   99   99   99   99   99   99   99   99   99   99   99   99   99   99   99   99   99   99   99   99   99   99   99   99   99   99   99   99   99   99   99   99   99   99   99   99   99   99   99   99   99   99   99   99   99   99   99   99   99   99   99   99   99   99   95   95   84   84   84   84   84   84   84   84   83   83   83   83   83   83   83   83   83   82   82   17   7}

do_execsql_test 1.2.2.4 {
  SELECT min(b) OVER ( ORDER BY a RANGE BETWEEN CURRENT ROW         AND UNBOUNDED FOLLOWING ) FROM t2
} {0   1   1   1   1   1   1   1   1   1   1   1   1   1   1   1   1   1   1   1   1   1   1   1   1   1   1   1   1   1   1   1   1   1   1   1   1   1   1   1   1   1   1   1   1   1   1   1   1   1   1   1   1   1   1   1   1   1   1   1   1   1   1   1   1   1   1   1   1   1   1   1   1   1   1   1   1   1   1   1   1   1   1   1   1   1   1   1   1   1   1   1   1   1   1   1   1   1   1   1   1   2   2   2   2   2   2   2   2   2   2   2   2   2   2   2   2   2   2   2   2   2   2   2   2   2   2   2   2   2   2   2   2   2   2   2   3   3   3   3   3   3   3   3   3   3   3   3   3   3   3   3   3   3   3   3   3   3   3   3   3   3   3   3   3   3   3   3   3   3   3   3   3   3   3   3   3   3   7   7   7   7   7   7   7   7   7   7   7   7   7   7   7   7   7   7   7   7   7   7}

do_execsql_test 1.2.1.5 {
  SELECT max(b) OVER ( ORDER BY a ROWS BETWEEN UNBOUNDED PRECEDING AND 4 PRECEDING ) FROM t2
} {{}   {}   {}   {}   0   74   74   74   74   99   99   99   99   99   99   99   99   99   99   99   99   99   99   99   99   99   99   99   99   99   99   99   99   99   99   99   99   99   99   99   99   99   99   99   99   99   99   99   99   99   99   99   99   99   99   99   99   99   99   99   99   99   99   99   99   99   99   99   99   99   99   99   99   99   99   99   99   99   99   99   99   99   99   99   99   99   99   99   99   99   99   99   99   99   99   99   99   99   99   99   99   99   99   99   99   99   99   99   99   99   99   99   99   99   99   99   99   99   99   99   99   99   99   99   99   99   99   99   99   99   99   99   99   99   99   99   99   99   99   99   99   99   99   99   99   99   99   99   99   99   99   99   99   99   99   99   99   99   99   99   99   99   99   99   99   99   99   99   99   99   99   99   99   99   99   99   99   99   99   99   99   99   99   99   99   99   99   99   99   99   99   99   99   99   99   99   99   99   99   99}

do_execsql_test 1.2.2.5 {
  SELECT min(b) OVER ( ORDER BY a ROWS BETWEEN UNBOUNDED PRECEDING AND 4 PRECEDING ) FROM t2
} {{}   {}   {}   {}   0   0   0   0   0   0   0   0   0   0   0   0   0   0   0   0   0   0   0   0   0   0   0   0   0   0   0   0   0   0   0   0   0   0   0   0   0   0   0   0   0   0   0   0   0   0   0   0   0   0   0   0   0   0   0   0   0   0   0   0   0   0   0   0   0   0   0   0   0   0   0   0   0   0   0   0   0   0   0   0   0   0   0   0   0   0   0   0   0   0   0   0   0   0   0   0   0   0   0   0   0   0   0   0   0   0   0   0   0   0   0   0   0   0   0   0   0   0   0   0   0   0   0   0   0   0   0   0   0   0   0   0   0   0   0   0   0   0   0   0   0   0   0   0   0   0   0   0   0   0   0   0   0   0   0   0   0   0   0   0   0   0   0   0   0   0   0   0   0   0   0   0   0   0   0   0   0   0   0   0   0   0   0   0   0   0   0   0   0   0   0   0   0   0   0   0}

do_execsql_test 1.2.1.6 {
  SELECT max(b) OVER ( ORDER BY a ROWS BETWEEN 4 PRECEDING    AND 2 PRECEDING ) FROM t2
} {{}   {}   0   74   74   74   74   99   99   99   33   89   89   96   96   96   68   68   68   91   91   91   99   99   99   97   78   78   97   97   97   67   93   93   93   84   77   23   93   93   93   65   47   86   86   86   91   91   91   85   85   85   59   59   56   56   91   91   91   90   90   55   89   89   89   47   56   56   56   56   56   75   75   89   98   98   98   81   94   94   94   78   78   78   53   63   63   87   87   87   84   84   84   72   61   73   95   95   95   65   96   98   98   98   74   74   74   65   73   73   73   87   87   87   41   20   31   31   31   95   95   95   79   88   88   88   34   49   49   90   90   96   96   96   75   77   77   77   44   85   85   85   74   74   70   70   59   39   39   47   80   90   90   90   58   58   72   72   72   72   93   93   93   81   81   81   37   37   37   14   62   91   91   91   91   91   34   36   99   99   99   95   95   69   58   52   84   84   84   84   84   39   44   58   58   58   38   83   83   83}

do_execsql_test 1.2.2.6 {
  SELECT min(b) OVER ( ORDER BY a ROWS BETWEEN 4 PRECEDING    AND 2 PRECEDING ) FROM t2
} {{}   {}   0   0   0   41   23   23   23   26   2   2   2   81   59   38   38   38   39   39   46   6   6   6   27   27   27   46   54   8   8   8   29   29   77   23   16   16   16   16   35   35   7   7   7   61   61   61   24   24   24   43   12   12   12   3   3   3   22   22   15   15   15   25   25   1   1   1   40   40   16   16   16   36   36   76   76   4   4   4   30   30   30   29   29   29   2   2   2   37   37   72   41   9   9   9   61   65   13   13   13   58   1   1   1   21   35   5   5   5   11   11   41   12   8   8   8   20   15   15   15   22   22   73   34   8   8   8   11   34   34   59   59   55   55   55   44   2   2   2   7   57   29   29   29   19   19   19   26   26   26   47   36   36   36   9   9   9   66   33   33   33   64   64   9   9   9   13   12   12   12   14   36   36   33   15   15   15   34   3   3   3   58   52   30   30   30   10   10   10   21   21   21   39   30   30   30   34   27   27}

do_execsql_test 1.2.1.7 {
  SELECT max(b) OVER ( ORDER BY a ROWS BETWEEN UNBOUNDED PRECEDING AND CURRENT ROW ) FROM t2
} {0   74   74   74   74   99   99   99   99   99   99   99   99   99   99   99   99   99   99   99   99   99   99   99   99   99   99   99   99   99   99   99   99   99   99   99   99   99   99   99   99   99   99   99   99   99   99   99   99   99   99   99   99   99   99   99   99   99   99   99   99   99   99   99   99   99   99   99   99   99   99   99   99   99   99   99   99   99   99   99   99   99   99   99   99   99   99   99   99   99   99   99   99   99   99   99   99   99   99   99   99   99   99   99   99   99   99   99   99   99   99   99   99   99   99   99   99   99   99   99   99   99   99   99   99   99   99   99   99   99   99   99   99   99   99   99   99   99   99   99   99   99   99   99   99   99   99   99   99   99   99   99   99   99   99   99   99   99   99   99   99   99   99   99   99   99   99   99   99   99   99   99   99   99   99   99   99   99   99   99   99   99   99   99   99   99   99   99   99   99   99   99   99   99   99   99   99   99   99   99}

do_execsql_test 1.2.2.7 {
  SELECT min(b) OVER ( ORDER BY a ROWS BETWEEN UNBOUNDED PRECEDING AND CURRENT ROW ) FROM t2
} {0   0   0   0   0   0   0   0   0   0   0   0   0   0   0   0   0   0   0   0   0   0   0   0   0   0   0   0   0   0   0   0   0   0   0   0   0   0   0   0   0   0   0   0   0   0   0   0   0   0   0   0   0   0   0   0   0   0   0   0   0   0   0   0   0   0   0   0   0   0   0   0   0   0   0   0   0   0   0   0   0   0   0   0   0   0   0   0   0   0   0   0   0   0   0   0   0   0   0   0   0   0   0   0   0   0   0   0   0   0   0   0   0   0   0   0   0   0   0   0   0   0   0   0   0   0   0   0   0   0   0   0   0   0   0   0   0   0   0   0   0   0   0   0   0   0   0   0   0   0   0   0   0   0   0   0   0   0   0   0   0   0   0   0   0   0   0   0   0   0   0   0   0   0   0   0   0   0   0   0   0   0   0   0   0   0   0   0   0   0   0   0   0   0   0   0   0   0   0   0}

do_execsql_test 1.2.1.8 {
  SELECT max(b) OVER ( ORDER BY a ROWS BETWEEN 4 PRECEDING    AND CURRENT ROW ) FROM t2
} {0   74   74   74   74   99   99   99   99   99   89   96   96   96   96   96   68   91   91   91   99   99   99   99   99   97   97   97   97   97   97   93   93   93   93   84   93   93   93   93   93   86   86   86   91   91   91   91   91   85   85   85   59   59   91   91   91   91   91   90   90   89   89   89   89   56   56   56   56   75   75   89   98   98   98   98   98   94   94   94   94   78   78   78   63   87   87   87   87   87   84   84   84   73   95   95   95   95   96   98   98   98   98   98   74   74   74   73   73   87   87   87   87   87   41   31   31   95   95   95   95   95   88   88   88   88   49   90   90   96   96   96   96   96   77   77   77   85   85   85   85   85   74   74   70   70   59   47   80   90   90   90   90   90   72   72   72   72   93   93   93   93   93   81   81   81   37   37   62   91   91   91   91   91   91   91   99   99   99   99   99   95   95   69   84   84   84   84   84   84   84   58   58   58   58   83   83   83   83   83}

do_execsql_test 1.2.2.8 {
  SELECT min(b) OVER ( ORDER BY a ROWS BETWEEN 4 PRECEDING    AND CURRENT ROW ) FROM t2
} {0   0   0   0   0   23   23   23   2   2   2   2   2   38   38   38   38   38   39   6   6   6   6   6   27   27   27   8   8   8   8   8   29   23   16   16   16   16   16   16   7   7   7   7   7   61   24   24   24   24   12   12   12   3   3   3   3   3   15   15   15   15   15   1   1   1   1   1   16   16   16   16   16   36   36   4   4   4   4   4   30   29   29   29   2   2   2   2   2   37   37   9   9   9   9   9   13   13   13   13   1   1   1   1   1   5   5   5   5   5   11   11   8   8   8   8   8   15   15   15   15   22   22   8   8   8   8   8   11   34   34   55   55   55   44   2   2   2   2   2   7   29   29   19   19   19   19   19   26   26   26   36   36   9   9   9   9   9   33   33   33   33   9   9   9   9   9   12   12   12   12   14   33   15   15   15   15   3   3   3   3   3   30   30   30   10   10   10   10   10   21   21   21   30   30   30   27   27   17   7}

do_execsql_test 1.2.1.9 {
  SELECT max(b) OVER ( ORDER BY a ROWS BETWEEN CURRENT ROW         AND CURRENT ROW ) FROM t2
} {0   74   41   74   23   99   26   33   2   89   81   96   59   38   68   39   62   91   46   6   99   97   27   46   78   54   97   8   67   29   93   84   77   23   16   16   93   65   35   47   7   86   74   61   91   85   24   85   43   59   12   32   56   3   91   22   90   55   15   28   89   25   47   1   56   40   43   56   16   75   36   89   98   76   81   4   94   42   30   78   33   29   53   63   2   87   37   80   84   72   41   9   61   73   95   65   13   58   96   98   1   21   74   65   35   5   73   11   51   87   41   12   8   20   31   31   15   95   22   73   79   88   34   8   11   49   34   90   59   96   60   55   75   77   44   2   7   85   57   74   29   70   59   19   39   26   26   47   80   90   36   58   47   9   72   72   66   33   93   75   64   81   9   23   37   13   12   14   62   91   36   91   33   15   34   36   99   3   95   69   58   52   30   50   84   10   84   33   21   39   44   58   30   38   34   83   27   82   17   7}

do_execsql_test 1.2.2.9 {
  SELECT min(b) OVER ( ORDER BY a ROWS BETWEEN CURRENT ROW         AND CURRENT ROW ) FROM t2
} {0   74   41   74   23   99   26   33   2   89   81   96   59   38   68   39   62   91   46   6   99   97   27   46   78   54   97   8   67   29   93   84   77   23   16   16   93   65   35   47   7   86   74   61   91   85   24   85   43   59   12   32   56   3   91   22   90   55   15   28   89   25   47   1   56   40   43   56   16   75   36   89   98   76   81   4   94   42   30   78   33   29   53   63   2   87   37   80   84   72   41   9   61   73   95   65   13   58   96   98   1   21   74   65   35   5   73   11   51   87   41   12   8   20   31   31   15   95   22   73   79   88   34   8   11   49   34   90   59   96   60   55   75   77   44   2   7   85   57   74   29   70   59   19   39   26   26   47   80   90   36   58   47   9   72   72   66   33   93   75   64   81   9   23   37   13   12   14   62   91   36   91   33   15   34   36   99   3   95   69   58   52   30   50   84   10   84   33   21   39   44   58   30   38   34   83   27   82   17   7}

do_execsql_test 1.2.1.10 {
  SELECT max(b) OVER ( ORDER BY a ROWS BETWEEN UNBOUNDED PRECEDING AND 4 FOLLOWING ) FROM t2
} {74   99   99   99   99   99   99   99   99   99   99   99   99   99   99   99   99   99   99   99   99   99   99   99   99   99   99   99   99   99   99   99   99   99   99   99   99   99   99   99   99   99   99   99   99   99   99   99   99   99   99   99   99   99   99   99   99   99   99   99   99   99   99   99   99   99   99   99   99   99   99   99   99   99   99   99   99   99   99   99   99   99   99   99   99   99   99   99   99   99   99   99   99   99   99   99   99   99   99   99   99   99   99   99   99   99   99   99   99   99   99   99   99   99   99   99   99   99   99   99   99   99   99   99   99   99   99   99   99   99   99   99   99   99   99   99   99   99   99   99   99   99   99   99   99   99   99   99   99   99   99   99   99   99   99   99   99   99   99   99   99   99   99   99   99   99   99   99   99   99   99   99   99   99   99   99   99   99   99   99   99   99   99   99   99   99   99   99   99   99   99   99   99   99   99   99   99   99   99   99}

do_execsql_test 1.2.2.10 {
  SELECT min(b) OVER ( ORDER BY a ROWS BETWEEN UNBOUNDED PRECEDING AND 4 FOLLOWING ) FROM t2
} {0   0   0   0   0   0   0   0   0   0   0   0   0   0   0   0   0   0   0   0   0   0   0   0   0   0   0   0   0   0   0   0   0   0   0   0   0   0   0   0   0   0   0   0   0   0   0   0   0   0   0   0   0   0   0   0   0   0   0   0   0   0   0   0   0   0   0   0   0   0   0   0   0   0   0   0   0   0   0   0   0   0   0   0   0   0   0   0   0   0   0   0   0   0   0   0   0   0   0   0   0   0   0   0   0   0   0   0   0   0   0   0   0   0   0   0   0   0   0   0   0   0   0   0   0   0   0   0   0   0   0   0   0   0   0   0   0   0   0   0   0   0   0   0   0   0   0   0   0   0   0   0   0   0   0   0   0   0   0   0   0   0   0   0   0   0   0   0   0   0   0   0   0   0   0   0   0   0   0   0   0   0   0   0   0   0   0   0   0   0   0   0   0   0   0   0   0   0   0   0}

do_execsql_test 1.2.1.11 {
  SELECT max(b) OVER ( ORDER BY a ROWS BETWEEN 4 PRECEDING    AND 2 FOLLOWING ) FROM t2
} {74   74   74   99   99   99   99   99   99   99   96   96   96   96   96   96   91   91   99   99   99   99   99   99   99   97   97   97   97   97   97   93   93   93   93   93   93   93   93   93   93   86   91   91   91   91   91   91   91   85   85   85   91   91   91   91   91   91   91   90   90   89   89   89   89   56   56   75   75   89   98   98   98   98   98   98   98   94   94   94   94   78   78   87   87   87   87   87   87   87   84   84   95   95   95   95   96   98   98   98   98   98   98   98   74   74   74   87   87   87   87   87   87   87   41   95   95   95   95   95   95   95   88   88   88   90   90   96   96   96   96   96   96   96   77   85   85   85   85   85   85   85   74   74   70   70   80   90   90   90   90   90   90   90   72   72   93   93   93   93   93   93   93   81   81   81   62   91   91   91   91   91   91   91   99   99   99   99   99   99   99   95   95   84   84   84   84   84   84   84   84   58   58   83   83   83   83   83   83   83}

do_execsql_test 1.2.2.11 {
  SELECT min(b) OVER ( ORDER BY a ROWS BETWEEN 4 PRECEDING    AND 2 FOLLOWING ) FROM t2
} {0   0   0   0   0   23   2   2   2   2   2   2   2   38   38   38   38   6   6   6   6   6   6   6   27   8   8   8   8   8   8   8   16   16   16   16   16   16   7   7   7   7   7   7   7   24   24   24   12   12   12   3   3   3   3   3   3   3   15   15   15   1   1   1   1   1   1   1   16   16   16   16   16   4   4   4   4   4   4   4   29   29   2   2   2   2   2   2   2   9   9   9   9   9   9   9   13   13   1   1   1   1   1   1   1   5   5   5   5   5   8   8   8   8   8   8   8   15   15   15   15   8   8   8   8   8   8   8   11   34   34   55   44   2   2   2   2   2   2   2   7   19   19   19   19   19   19   19   26   26   26   9   9   9   9   9   9   9   33   33   9   9   9   9   9   9   9   12   12   12   12   14   15   15   15   3   3   3   3   3   3   3   30   10   10   10   10   10   10   10   21   21   21   30   27   27   17   7   7   7}

do_execsql_test 1.2.1.12 {
  SELECT max(b) OVER ( ORDER BY a ROWS BETWEEN CURRENT ROW         AND 4 FOLLOWING ) FROM t2
} {74   99   99   99   99   99   89   96   96   96   96   96   68   91   91   91   99   99   99   99   99   97   97   97   97   97   97   93   93   93   93   84   93   93   93   93   93   86   86   86   91   91   91   91   91   85   85   85   59   59   91   91   91   91   91   90   90   89   89   89   89   56   56   56   56   75   75   89   98   98   98   98   98   94   94   94   94   78   78   78   63   87   87   87   87   87   84   84   84   73   95   95   95   95   96   98   98   98   98   98   74   74   74   73   73   87   87   87   87   87   41   31   31   95   95   95   95   95   88   88   88   88   49   90   90   96   96   96   96   96   77   77   77   85   85   85   85   85   74   74   70   70   59   47   80   90   90   90   90   90   72   72   72   72   93   93   93   93   93   81   81   81   37   37   62   91   91   91   91   91   91   91   99   99   99   99   99   95   95   69   84   84   84   84   84   84   84   58   58   58   58   83   83   83   83   83   82   82   17   7}

do_execsql_test 1.2.2.12 {
  SELECT min(b) OVER ( ORDER BY a ROWS BETWEEN CURRENT ROW         AND 4 FOLLOWING ) FROM t2
} {0   23   23   23   2   2   2   2   2   38   38   38   38   38   39   6   6   6   6   6   27   27   27   8   8   8   8   8   29   23   16   16   16   16   16   16   7   7   7   7   7   61   24   24   24   24   12   12   12   3   3   3   3   3   15   15   15   15   15   1   1   1   1   1   16   16   16   16   16   36   36   4   4   4   4   4   30   29   29   29   2   2   2   2   2   37   37   9   9   9   9   9   13   13   13   13   1   1   1   1   1   5   5   5   5   5   11   11   8   8   8   8   8   15   15   15   15   22   22   8   8   8   8   8   11   34   34   55   55   55   44   2   2   2   2   2   7   29   29   19   19   19   19   19   26   26   26   36   36   9   9   9   9   9   33   33   33   33   9   9   9   9   9   12   12   12   12   14   33   15   15   15   15   3   3   3   3   3   30   30   30   10   10   10   10   10   21   21   21   30   30   30   27   27   17   7   7   7   7   7}

do_execsql_test 1.2.1.13 {
  SELECT max(b) OVER ( ORDER BY a ROWS BETWEEN 2 FOLLOWING    AND 4 FOLLOWING ) FROM t2
} {74   99   99   99   33   89   89   96   96   96   68   68   68   91   91   91   99   99   99   97   78   78   97   97   97   67   93   93   93   84   77   23   93   93   93   65   47   86   86   86   91   91   91   85   85   85   59   59   56   56   91   91   91   90   90   55   89   89   89   47   56   56   56   56   56   75   75   89   98   98   98   81   94   94   94   78   78   78   53   63   63   87   87   87   84   84   84   72   61   73   95   95   95   65   96   98   98   98   74   74   74   65   73   73   73   87   87   87   41   20   31   31   31   95   95   95   79   88   88   88   34   49   49   90   90   96   96   96   75   77   77   77   44   85   85   85   74   74   70   70   59   39   39   47   80   90   90   90   58   58   72   72   72   72   93   93   93   81   81   81   37   37   37   14   62   91   91   91   91   91   34   36   99   99   99   95   95   69   58   52   84   84   84   84   84   39   44   58   58   58   38   83   83   83   82   82   17   7   {}   {}}

do_execsql_test 1.2.2.13 {
  SELECT min(b) OVER ( ORDER BY a ROWS BETWEEN 2 FOLLOWING    AND 4 FOLLOWING ) FROM t2
} {23   23   23   26   2   2   2   81   59   38   38   38   39   39   46   6   6   6   27   27   27   46   54   8   8   8   29   29   77   23   16   16   16   16   35   35   7   7   7   61   61   61   24   24   24   43   12   12   12   3   3   3   22   22   15   15   15   25   25   1   1   1   40   40   16   16   16   36   36   76   76   4   4   4   30   30   30   29   29   29   2   2   2   37   37   72   41   9   9   9   61   65   13   13   13   58   1   1   1   21   35   5   5   5   11   11   41   12   8   8   8   20   15   15   15   22   22   73   34   8   8   8   11   34   34   59   59   55   55   55   44   2   2   2   7   57   29   29   29   19   19   19   26   26   26   47   36   36   36   9   9   9   66   33   33   33   64   64   9   9   9   13   12   12   12   14   36   36   33   15   15   15   34   3   3   3   58   52   30   30   30   10   10   10   21   21   21   39   30   30   30   34   27   27   17   7   7   7   {}   {}}

do_execsql_test 1.2.1.14 {
  SELECT max(b) OVER ( ORDER BY a ROWS BETWEEN UNBOUNDED PRECEDING AND UNBOUNDED FOLLOWING ) FROM t2
} {99   99   99   99   99   99   99   99   99   99   99   99   99   99   99   99   99   99   99   99   99   99   99   99   99   99   99   99   99   99   99   99   99   99   99   99   99   99   99   99   99   99   99   99   99   99   99   99   99   99   99   99   99   99   99   99   99   99   99   99   99   99   99   99   99   99   99   99   99   99   99   99   99   99   99   99   99   99   99   99   99   99   99   99   99   99   99   99   99   99   99   99   99   99   99   99   99   99   99   99   99   99   99   99   99   99   99   99   99   99   99   99   99   99   99   99   99   99   99   99   99   99   99   99   99   99   99   99   99   99   99   99   99   99   99   99   99   99   99   99   99   99   99   99   99   99   99   99   99   99   99   99   99   99   99   99   99   99   99   99   99   99   99   99   99   99   99   99   99   99   99   99   99   99   99   99   99   99   99   99   99   99   99   99   99   99   99   99   99   99   99   99   99   99   99   99   99   99   99   99}

do_execsql_test 1.2.2.14 {
  SELECT min(b) OVER ( ORDER BY a ROWS BETWEEN UNBOUNDED PRECEDING AND UNBOUNDED FOLLOWING ) FROM t2
} {0   0   0   0   0   0   0   0   0   0   0   0   0   0   0   0   0   0   0   0   0   0   0   0   0   0   0   0   0   0   0   0   0   0   0   0   0   0   0   0   0   0   0   0   0   0   0   0   0   0   0   0   0   0   0   0   0   0   0   0   0   0   0   0   0   0   0   0   0   0   0   0   0   0   0   0   0   0   0   0   0   0   0   0   0   0   0   0   0   0   0   0   0   0   0   0   0   0   0   0   0   0   0   0   0   0   0   0   0   0   0   0   0   0   0   0   0   0   0   0   0   0   0   0   0   0   0   0   0   0   0   0   0   0   0   0   0   0   0   0   0   0   0   0   0   0   0   0   0   0   0   0   0   0   0   0   0   0   0   0   0   0   0   0   0   0   0   0   0   0   0   0   0   0   0   0   0   0   0   0   0   0   0   0   0   0   0   0   0   0   0   0   0   0   0   0   0   0   0   0}

do_execsql_test 1.2.1.15 {
  SELECT max(b) OVER ( ORDER BY a ROWS BETWEEN 4 PRECEDING    AND UNBOUNDED FOLLOWING ) FROM t2
} {99   99   99   99   99   99   99   99   99   99   99   99   99   99   99   99   99   99   99   99   99   99   99   99   99   99   99   99   99   99   99   99   99   99   99   99   99   99   99   99   99   99   99   99   99   99   99   99   99   99   99   99   99   99   99   99   99   99   99   99   99   99   99   99   99   99   99   99   99   99   99   99   99   99   99   99   99   99   99   99   99   99   99   99   99   99   99   99   99   99   99   99   99   99   99   99   99   99   99   99   99   99   99   99   99   99   99   99   99   99   99   99   99   99   99   99   99   99   99   99   99   99   99   99   99   99   99   99   99   99   99   99   99   99   99   99   99   99   99   99   99   99   99   99   99   99   99   99   99   99   99   99   99   99   99   99   99   99   99   99   99   99   99   99   99   99   99   99   99   99   99   99   99   99   99   99   99   99   99   99   99   95   95   84   84   84   84   84   84   84   84   83   83   83   83   83   83   83   83   83}

do_execsql_test 1.2.2.15 {
  SELECT min(b) OVER ( ORDER BY a ROWS BETWEEN 4 PRECEDING    AND UNBOUNDED FOLLOWING ) FROM t2
} {0   0   0   0   0   1   1   1   1   1   1   1   1   1   1   1   1   1   1   1   1   1   1   1   1   1   1   1   1   1   1   1   1   1   1   1   1   1   1   1   1   1   1   1   1   1   1   1   1   1   1   1   1   1   1   1   1   1   1   1   1   1   1   1   1   1   1   1   1   1   1   1   1   1   1   1   1   1   1   1   1   1   1   1   1   1   1   1   1   1   1   1   1   1   1   1   1   1   1   1   1   1   1   1   1   2   2   2   2   2   2   2   2   2   2   2   2   2   2   2   2   2   2   2   2   2   2   2   2   2   2   2   2   2   2   2   2   2   2   2   3   3   3   3   3   3   3   3   3   3   3   3   3   3   3   3   3   3   3   3   3   3   3   3   3   3   3   3   3   3   3   3   3   3   3   3   3   3   3   3   3   3   7   7   7   7   7   7   7   7   7   7   7   7   7   7   7   7   7   7}

do_execsql_test 1.2.1.16 {
  SELECT max(b) OVER ( ORDER BY a ROWS BETWEEN CURRENT ROW         AND UNBOUNDED FOLLOWING ) FROM t2
} {99   99   99   99   99   99   99   99   99   99   99   99   99   99   99   99   99   99   99   99   99   99   99   99   99   99   99   99   99   99   99   99   99   99   99   99   99   99   99   99   99   99   99   99   99   99   99   99   99   99   99   99   99   99   99   99   99   99   99   99   99   99   99   99   99   99   99   99   99   99   99   99   99   99   99   99   99   99   99   99   99   99   99   99   99   99   99   99   99   99   99   99   99   99   99   99   99   99   99   99   99   99   99   99   99   99   99   99   99   99   99   99   99   99   99   99   99   99   99   99   99   99   99   99   99   99   99   99   99   99   99   99   99   99   99   99   99   99   99   99   99   99   99   99   99   99   99   99   99   99   99   99   99   99   99   99   99   99   99   99   99   99   99   99   99   99   99   99   99   99   99   99   99   99   99   99   99   95   95   84   84   84   84   84   84   84   84   83   83   83   83   83   83   83   83   83   82   82   17   7}

do_execsql_test 1.2.2.16 {
  SELECT min(b) OVER ( ORDER BY a ROWS BETWEEN CURRENT ROW         AND UNBOUNDED FOLLOWING ) FROM t2
} {0   1   1   1   1   1   1   1   1   1   1   1   1   1   1   1   1   1   1   1   1   1   1   1   1   1   1   1   1   1   1   1   1   1   1   1   1   1   1   1   1   1   1   1   1   1   1   1   1   1   1   1   1   1   1   1   1   1   1   1   1   1   1   1   1   1   1   1   1   1   1   1   1   1   1   1   1   1   1   1   1   1   1   1   1   1   1   1   1   1   1   1   1   1   1   1   1   1   1   1   1   2   2   2   2   2   2   2   2   2   2   2   2   2   2   2   2   2   2   2   2   2   2   2   2   2   2   2   2   2   2   2   2   2   2   2   3   3   3   3   3   3   3   3   3   3   3   3   3   3   3   3   3   3   3   3   3   3   3   3   3   3   3   3   3   3   3   3   3   3   3   3   3   3   3   3   3   3   7   7   7   7   7   7   7   7   7   7   7   7   7   7   7   7   7   7   7   7   7   7}

do_execsql_test 1.2.1.17 {
  SELECT max(b) OVER ( ORDER BY a ROWS BETWEEN 4 FOLLOWING    AND UNBOUNDED FOLLOWING ) FROM t2
} {99   99   99   99   99   99   99   99   99   99   99   99   99   99   99   99   99   99   99   99   99   99   99   99   99   99   99   99   99   99   99   99   99   99   99   99   99   99   99   99   99   99   99   99   99   99   99   99   99   99   99   99   99   99   99   99   99   99   99   99   99   99   99   99   99   99   99   99   99   99   99   99   99   99   99   99   99   99   99   99   99   99   99   99   99   99   99   99   99   99   99   99   99   99   99   99   99   99   99   99   99   99   99   99   99   99   99   99   99   99   99   99   99   99   99   99   99   99   99   99   99   99   99   99   99   99   99   99   99   99   99   99   99   99   99   99   99   99   99   99   99   99   99   99   99   99   99   99   99   99   99   99   99   99   99   99   99   99   99   99   99   99   99   99   99   99   99   99   99   99   99   99   99   95   95   84   84   84   84   84   84   84   84   83   83   83   83   83   83   83   83   83   82   82   17   7   {}   {}   {}   {}}

do_execsql_test 1.2.2.17 {
  SELECT min(b) OVER ( ORDER BY a ROWS BETWEEN 4 FOLLOWING    AND UNBOUNDED FOLLOWING ) FROM t2
} {1   1   1   1   1   1   1   1   1   1   1   1   1   1   1   1   1   1   1   1   1   1   1   1   1   1   1   1   1   1   1   1   1   1   1   1   1   1   1   1   1   1   1   1   1   1   1   1   1   1   1   1   1   1   1   1   1   1   1   1   1   1   1   1   1   1   1   1   1   1   1   1   1   1   1   1   1   1   1   1   1   1   1   1   1   1   1   1   1   1   1   1   1   1   1   1   1   2   2   2   2   2   2   2   2   2   2   2   2   2   2   2   2   2   2   2   2   2   2   2   2   2   2   2   2   2   2   2   2   2   2   2   3   3   3   3   3   3   3   3   3   3   3   3   3   3   3   3   3   3   3   3   3   3   3   3   3   3   3   3   3   3   3   3   3   3   3   3   3   3   3   3   3   3   7   7   7   7   7   7   7   7   7   7   7   7   7   7   7   7   7   7   7   7   7   7   {}   {}   {}   {}}

finish_test
