# 2015 September 05
#
# The author disclaims copyright to this source code.  In place of
# a legal notice, here is a blessing:
#
#    May you do good and not evil.
#    May you find forgiveness for yourself and forgive others.
#    May you share freely, never taking more than you give.
#
#*************************************************************************
#

source [file join [file dirname [info script]] fts5_common.tcl]
set testprefix fts5simple2

# If SQLITE_ENABLE_FTS5 is defined, omit this file.
ifcapable !fts5 {
  finish_test
  return
}

do_execsql_test 1.0 {
  CREATE VIRTUAL TABLE t1 USING fts5(a, detail=none);
  INSERT INTO t1 VALUES('a b c');
}
do_execsql_test 1.1 {
  SELECT rowid FROM t1('c a b')
} {1}

#-------------------------------------------------------------------------
#
reset_db
do_execsql_test 2.0 {
  CREATE VIRTUAL TABLE t1 USING fts5(a, detail=none);
  BEGIN;
    INSERT INTO t1 VALUES('b c d');
    INSERT INTO t1 VALUES('b c d');
  COMMIT;
}
do_execsql_test 2.1 {
  SELECT rowid FROM t1('b c d')
} {1 2}

#-------------------------------------------------------------------------
#
reset_db
do_execsql_test 3.0 {
  CREATE VIRTUAL TABLE t1 USING fts5(a, detail=none);
  BEGIN;
    INSERT INTO t1 VALUES('b c d');
    INSERT INTO t1 VALUES('b c d');
}
do_execsql_test 3.1 {
  SELECT rowid FROM t1('b c d'); COMMIT;
} {1 2}

#-------------------------------------------------------------------------
#
reset_db
do_execsql_test 4.0 {
  CREATE VIRTUAL TABLE t1 USING fts5(a, detail=none);
  BEGIN;
    INSERT INTO t1 VALUES('a1 b1 c1');
    INSERT INTO t1 VALUES('a2 b2 c2');
    INSERT INTO t1 VALUES('a3 b3 c3');
  COMMIT;
}
do_execsql_test 4.1 {
  SELECT rowid FROM t1('b*');
} {1 2 3}


#-------------------------------------------------------------------------
#
reset_db
do_execsql_test 5.0 {
  CREATE VIRTUAL TABLE t1 USING fts5(a, detail=none);
  BEGIN;
  INSERT INTO t1 VALUES('a1 b1 c1');
  INSERT INTO t1 VALUES('a2 b2 c2');
  INSERT INTO t1 VALUES('a1 b1 c1');
  COMMIT;
}
do_execsql_test 5.1 { SELECT rowid FROM t1('b*') } {1 2 3}

#-------------------------------------------------------------------------
#
reset_db
do_execsql_test 6.0 {
  CREATE VIRTUAL TABLE t1 USING fts5(a, detail=full);
  BEGIN;
  INSERT INTO t1 VALUES('a1 b1 c1');
  INSERT INTO t1 VALUES('a1 b1 c1');
  INSERT INTO t1 VALUES('a1 b1 c1');
  COMMIT;
}

do_execsql_test 6.1 { SELECT rowid FROM t1('a1') ORDER BY rowid DESC } {3 2 1}
do_execsql_test 6.2 { SELECT rowid FROM t1('b1') ORDER BY rowid DESC } {3 2 1}
do_execsql_test 6.3 { SELECT rowid FROM t1('c1') ORDER BY rowid DESC } {3 2 1}

#-------------------------------------------------------------------------
#
reset_db
do_execsql_test 7.0 {
  CREATE VIRTUAL TABLE t1 USING fts5(a, detail=none);
  BEGIN;
  INSERT INTO t1 VALUES('a1 b1');
  INSERT INTO t1 VALUES('a1 b2');
  COMMIT;
}
do_execsql_test 7.0.4 { SELECT rowid FROM t1('b*') ORDER BY rowid DESC } {2 1}
do_execsql_test 7.0.5 { SELECT rowid FROM t1('a1') ORDER BY rowid DESC } {2 1}

#-------------------------------------------------------------------------
#
reset_db
do_execsql_test 7.0 {
  CREATE VIRTUAL TABLE t1 USING fts5(a, detail=none);
  INSERT INTO t1 VALUES('a1 b1 c1');
  INSERT INTO t1 VALUES('a2 b2 c2');
  INSERT INTO t1 VALUES('a1 b1 c1');
}
do_execsql_test 7.0.1 { SELECT rowid FROM t1('b*') } {1 2 3}
do_execsql_test 7.0.2 { SELECT rowid FROM t1('a1') } {1 3}
do_execsql_test 7.0.3 { SELECT rowid FROM t1('c2') } {2}

do_execsql_test 7.0.4 { SELECT rowid FROM t1('b*') ORDER BY rowid DESC } {3 2 1}
do_execsql_test 7.0.5 { SELECT rowid FROM t1('a1') ORDER BY rowid DESC } {3 1}
do_execsql_test 7.0.7 { SELECT rowid FROM t1('c2') ORDER BY rowid DESC } {2}

do_execsql_test 7.1.0 { INSERT INTO t1(t1) VALUES('optimize') }

do_execsql_test 7.1.1 { SELECT rowid FROM t1('b*') } {1 2 3}
do_execsql_test 7.1.2 { SELECT rowid FROM t1('a1') } {1 3}
do_execsql_test 7.1.3 { SELECT rowid FROM t1('c2') } {2}

do_execsql_test 7.2.1 { SELECT rowid FROM t1('b*') ORDER BY rowid DESC} {3 2 1}
do_execsql_test 7.2.2 { SELECT rowid FROM t1('a1') ORDER BY rowid DESC} {3 1}
do_execsql_test 7.2.3 { SELECT rowid FROM t1('c2') ORDER BY rowid DESC} {2}

finish_test

